{
  "mu": [
    32.57691192626953,
    50.592769622802734,
    120.46237182617188,
    -24.84335708618164,
    -30.915342330932617,
    14.269275665283203,
    0.28764715790748596,
    2.345193386077881,
    2.937405586242676,
    1.2565959692001343,
    1.9296232461929321,
    0.6660154461860657,
    0.5686951875686646,
    -0.12109757214784622,
    0.28702059388160706,
    0.3102876543998718,
    0.03221232816576958
  ],
  "sigma": [
    4.920211315155029,
    7.958439826965332,
    42.997005462646484,
    7.511332988739014,
    35.495697021484375,
    6.261013031005859,
    2.698404312133789,
    1.2106659412384033,
    0.8111720681190491,
    0.7454246282577515,
    1.0636155605316162,
    1.4813116788864136,
    1.079453945159912,
    1.2609608173370361,
    0.6375225782394409,
    0.5562167167663574,
    0.4792000949382782
  ]
}