{
  "mu": [
    27.996618270874023,
    55.63592529296875,
    144.41001892089844,
    -27.183738708496094,
    -48.440330505371094,
    2.7062106132507324,
    4.340863227844238,
    1.179364800453186,
    -0.16353081166744232,
    0.9774178266525269,
    -0.8239725232124329,
    0.9538219571113586,
    0.06290924549102783,
    0.7066901326179504,
    0.1737106293439865,
    -0.19680993258953094,
    -0.35166090726852417
  ],
  "sigma": [
    8.08067512512207,
    21.39642906188965,
    199.49288940429688,
    3.1844935417175293,
    24.761878967285156,
    3.971005439758301,
    2.081040859222412,
    1.5206843614578247,
    0.9990106225013733,
    1.3233311176300049,
    1.409529685974121,
    0.6817092299461365,
    0.837174654006958,
    0.8017451167106628,
    0.725452184677124,
    0.5330250859260559,
    0.5787826180458069
  ]
}